Epoch,Epoch Time,Train Loss,Val Loss,Val auprc,Learning Rate
1,1.0,0.5,0.4,0.20649500000000004,0.000505
2,1.0,0.5,0.4,0.25649500000000003,0.000505
