Epoch,Epoch Time,Train Loss,Val Loss,Val auprc,Learning Rate
1,1.0,0.5,0.4,0.14249499999999998,0.000505
2,1.0,0.5,0.4,0.192495,0.000505
